Category,Name,Rate
ARISHTASAVAM,ABHAYARISHTAM 200ML,28
ARISHTASAVAM,ABHAYARISHTAM 450ML,60
ARISHTASAVAM,AHIPHENASAVAM 10ML,32
ARISHTASAVAM,AMRUTHARISHTAM 200ML,32
ARISHTASAVAM,AMRUTHARISHTAM 450ML,67
ARISHTASAVAM,ARAGWADHARISHTAM 200ML,32
ARISHTASAVAM,ARAGWADHARISHTAM 450ML,70
ARISHTASAVAM,ARAVINDASAVAM 200ML,32
ARISHTASAVAM,ARAVINDASAVAM 450ML,70
ARISHTASAVAM,ASOKARISHTAM 200ML,25
ARISHTASAVAM,ASOKARISHTAM 450ML,63
ARISHTASAVAM,ASWAGANDHARISHTAM 200ML,49
ARISHTASAVAM,ASWAGANDHARISHTAM 450ML,109
ARISHTASAVAM,AYASKRITHI 200ML,35
ARISHTASAVAM,AYASKRITHI 450ML,77
ARISHTASAVAM,BALARISHTAM 200ML,32
ARISHTASAVAM,BALARISHTAM 450ML,70
ARISHTASAVAM,CHANDANASAVAM 200ML,28
ARISHTASAVAM,CHANDANASAVAM 450ML,60
ARISHTASAVAM,CHAVIKASAVAM 200ML,35
ARISHTASAVAM,CHAVIKASAVAM 450ML,77
ARISHTASAVAM,DANTHYARISHTAM 200ML,28
ARISHTASAVAM,DANTHYARISHTAM 450ML,60
ARISHTASAVAM,DASAMOOLAJEEERAKARISHTAM 450ML,89
ARISHTASAVAM,DASAMOOLARISHTAM 200ML,35
ARISHTASAVAM,DASAMOOLARISHTAM 450ML,77
ARISHTASAVAM,DHANWANTHARARISHTAM 200ML,42
ARISHTASAVAM,DHANWANTHARARISHTAM 450ML,91
ARISHTASAVAM,DRAKSHARISHTAM 200ML,42
ARISHTASAVAM,DRAKSHARISHTAM 450ML,91
ARISHTASAVAM,DURALABHARISHTAM 200ML,35
ARISHTASAVAM,DURALABHARISHTAM 450ML,74
ARISHTASAVAM,JEERAKARISHTAM 200ML,46
ARISHTASAVAM,JEERAKARISHTAM 450ML,98
ARISHTASAVAM,KANAKASAVAM 200ML,32
ARISHTASAVAM,KANAKASAVAM 450ML,67
ARISHTASAVAM,KARPOORASAVAM 10ML,25
ARISHTASAVAM,KHADIRARISHTAM 200ML,42
ARISHTASAVAM,KHADIRARISHTAM 450ML,91
ARISHTASAVAM,KUMARYASAVAM 200ML,35
ARISHTASAVAM,KUMARYASAVAM 450ML,77
ARISHTASAVAM,KUTAJARISHTAM 200ML,32
ARISHTASAVAM,KUTAJARISHTAM 450ML,70
ARISHTASAVAM,LODHRASAVAM 200ML,39
ARISHTASAVAM,LODHRASAVAM 450ML,84
ARISHTASAVAM,LOHASAVAM 200ML,35
ARISHTASAVAM,LOHASAVAM 450ML,77
ARISHTASAVAM,MADHOOKASAVAM 200ML,53
ARISHTASAVAM,MADHOOKASAVAM 450ML,116
ARISHTASAVAM,MOOLAKASAVAM 450ML,91
ARISHTASAVAM,MRUDWEEKARISHTAM 200ML,42
ARISHTASAVAM,MRUDWEEKARISHTAM 450ML,95
ARISHTASAVAM,MUSTHARISHTAM 200ML,32
ARISHTASAVAM,MUSTHARISHTAM 450ML,70
ARISHTASAVAM,PARTHARISHTAM 200ML,32
ARISHTASAVAM,PARTHARISHTAM 450ML,70
ARISHTASAVAM,PIPPALYASAVAM 200ML,30
ARISHTASAVAM,PIPPALYASAVAM 450ML,67
ARISHTASAVAM,POOTHIKASAVAM 200ML,28
ARISHTASAVAM,POOTHIKASAVAM 450ML,63
ARISHTASAVAM,PUNARNAVASAVAM 200ML,30
ARISHTASAVAM,PUNARNAVASAVAM 450ML,67
ARISHTASAVAM,ROHITHAKARISHTAM 200ML,28
ARISHTASAVAM,ROHITHAKARISHTAM 450ML,60
ARISHTASAVAM,SARASWATHARISHTAM (GOLD) 10ML,482
ARISHTASAVAM,SARIBADYASAVAM 200ML,32
ARISHTASAVAM,SARIBADYASAVAM 450ML,70
ARISHTASAVAM,USEERASAVAM 200ML,35
ARISHTASAVAM,USEERASAVAM 450ML,81
ARISHTASAVAM,VASARISHTAM 200ML,46
ARISHTASAVAM,VASARISHTAM 450ML,98
ARISHTASAVAM,VIDARYADYASAVAM 200ML,32
ARISHTASAVAM,VIDARYADYASAVAM 450ML,70
BHASMAM,ABHRA BHASMAM 10G,186
BHASMAM,ABHRA BHASMAM 5G,95
BHASMAM,ANNABHEDI SINDOORAM 10G,63
BHASMAM,ANNABHEDI SINDOORAM 20G,126
BHASMAM,ANNABHEDI SINDOORAM 5G,35
BHASMAM,AVALTHOLADI BHASMAM 100G,196
BHASMAM,AVALTHOLADI BHASMAM 50G,98
BHASMAM,GANDHAKA RASAYANAM 10G,56
BHASMAM,GANDHAKA RASAYANAM 25G,140
BHASMAM,GANDHAKA RASAYANAM 5G,28
BHASMAM,KANTHA SINDOORAM 10G,60
BHASMAM,KANTHA SINDOORAM 5G,32
BHASMAM,LOHA SINDOORAM 10G,77
BHASMAM,LOHA SINDOORAM 25G,186
BHASMAM,LOHA SINDOORAM 5G,39
BHASMAM,MANDOORA BHASMAM 10G,119
BHASMAM,MANDOORA BHASMAM 20G,231
BHASMAM,PANAVIRALADI BHASMAM 50G,35
BHASMAM,PRAVALA BHASMAM 10G,329
BHASMAM,PRAVALA BHASMAM 20G,655
BHASMAM,PRAVALA BHASMAM 5G,168
BHASMAM,SANKHA BHASMAM 10G,56
BHASMAM,SANKHA BHASMAM 5G,28
CHOORNAM,ABHAYA CHOORNAM 500G,147
CHOORNAM,ABHAYA CHOORNAM 50G,18
CHOORNAM,ABHAYADI CHOORNAM 500G,487
CHOORNAM,ABHAYADI CHOORNAM 50G,49
CHOORNAM,AGNIMUGHA CHOORNAM 500G,231
CHOORNAM,AGNIMUGHA CHOORNAM 50G,25
CHOORNAM,AMAYA CHOORNAM 500G,287
CHOORNAM,AMAYA CHOORNAM 50G,32
CHOORNAM,AMRUTHADI CHOORNAM 50G,28
CHOORNAM,APARAJITHADOOPA CHOORNAM 50G,39
CHOORNAM,ASANA CHOORNAM 10G,11
CHOORNAM,ASANA CHOORNAM 50G,21
CHOORNAM,ASHTA CHOORNAM 10G,14
CHOORNAM,ASHTA CHOORNAM 500G,515
CHOORNAM,ASHTA CHOORNAM 50G,56
CHOORNAM,ASWAGANDHA CHOORNAM 500G,452
CHOORNAM,ASWAGANDHA CHOORNAM 50G,49
CHOORNAM,AVIPATHI CHOORNAM 10G,14
CHOORNAM,AVIPATHI CHOORNAM 500G,420
CHOORNAM,AVIPATHI CHOORNAM 50G,46
CHOORNAM,AVIPATHIKARA CHOORNAM 500G,546
CHOORNAM,AVIPATHIKARA CHOORNAM 50G,63
CHOORNAM,AYUSH KWATH 100G,76
CHOORNAM,AYUSH KWATH 50G,39
CHOORNAM,CHANDANA CHOORNAM 500G,3108
CHOORNAM,CHANDANA CHOORNAM 50G,312
CHOORNAM,CHITHRAKA CHOORNAM 500G,2310
CHOORNAM,CHITHRAKA CHOORNAM 50G,231
CHOORNAM,DADIMASHTAKA CHOORNAM 500G,385
CHOORNAM,DADIMASHTAKA CHOORNAM 50G,42
CHOORNAM,DANTHI CHOORNAM 500G,441
CHOORNAM,DANTHI CHOORNAM 50G,46
CHOORNAM,DIABETDRINKS 50G,23
CHOORNAM,ELADI CHOORNAM 500G,515
CHOORNAM,ELADI CHOORNAM 50G,56
CHOORNAM,ELADIGANA CHOORNAM 500G,630
CHOORNAM,ELADIGANA CHOORNAM 50G,67
CHOORNAM,GOKSHURA CHOORNAM 500G,336
CHOORNAM,GOKSHURA CHOORNAM 50G,35
CHOORNAM,GRUHADHOOMADILEPA CHOORNAM 500G,301
CHOORNAM,GRUHADHOOMADILEPA CHOORNAM 50G,32
CHOORNAM,GULGULUPANCHAPALA CHOORNAM 500G,644
CHOORNAM,GULGULUPANCHAPALA CHOORNAM 50G,70
CHOORNAM,GULUCHEE CHOORNAM 500G,231
CHOORNAM,GULUCHEE CHOORNAM 50G,25
CHOORNAM,HINGUVACHADI CHOORNAM 500G,420
CHOORNAM,HINGUVACHADI CHOORNAM 50G,46
CHOORNAM,INTHUPPUKANAM 500G,420
CHOORNAM,INTHUPPUKANAM 50G,42
CHOORNAM,JATAMAYADILEPA CHOORNAM 200G,154
CHOORNAM,JEERAKA  CHOORNAM 500G,697
CHOORNAM,JEERAKA  CHOORNAM 50G,70
CHOORNAM,KACHOORADI CHOORNAM 50G,46
CHOORNAM,KALLYANAKSHARAM 250G,301
CHOORNAM,KANTAKARI CHOORNAM 500G,217
CHOORNAM,KANTAKARI CHOORNAM 50G,25
CHOORNAM,KARPOORADI CHOORNAM 500G,490
CHOORNAM,KARPOORADI CHOORNAM 50G,53
CHOORNAM,KOLAKULATHADI CHOORNAM 200G,84
CHOORNAM,KOLAKULATHADI CHOORNAM 50G,25
CHOORNAM,KOTTAMCHUKKADI CHOORNAM 200G,126
CHOORNAM,KUTAJA CHOORNAM 500G,217
CHOORNAM,KUTAJA CHOORNAM 50G,25
CHOORNAM,MARICHA CHOORNAM 500G,441
CHOORNAM,MARICHA CHOORNAM 50G,46
CHOORNAM,MISI CHOORNAM 500G,242
CHOORNAM,MISI CHOORNAM 50G,25
CHOORNAM,MUSTHA CHOORNAM 500G,147
CHOORNAM,MUSTHA CHOORNAM 50G,18
CHOORNAM,NAGAKESARA CHOORNAM 500G,242
CHOORNAM,NAGAKESARA CHOORNAM 50G,25
CHOORNAM,NAGARADI LEPA CHOORNAM 200G,154
CHOORNAM,NAGARADI LEPA CHOORNAM 50G,42
CHOORNAM,NAVAYASA CHOORNAM 50G,70
CHOORNAM,NIMBADI CHOORNAM 500G,322
CHOORNAM,NIMBADI CHOORNAM 50G,35
CHOORNAM,NISA CHORNAM 500G,308
CHOORNAM,NISA CHORNAM 50G,32
CHOORNAM,OUSHADHI DAHASAMANI 50G,29
CHOORNAM,OUSHADHI FACE PACK 50GS,115
CHOORNAM,OUSHADHI TOOTH POWDER 25G,29
CHOORNAM,PANCHAKOLA CHOORNAM 500G,630
CHOORNAM,PANCHAKOLADI CHOORNAM 50G,63
CHOORNAM,PIPPALI CHORNAM 500G,1050
CHOORNAM,PIPPALI CHORNAM 50G,105
CHOORNAM,PIPPALIMOOLA CHOORNAM 500G,263
CHOORNAM,PIPPALIMOOLA CHOORNAM 50G,28
CHOORNAM,PRAMEHOUSHADHI 100G,102
CHOORNAM,PRAMEHOUSHADHI 200G,190
CHOORNAM,PUNARNAVA CHOORNAM 500G,263
CHOORNAM,PUNARNAVA CHOORNAM 50G,28
CHOORNAM,PURANADHATHRIPHALA CHOORNAM 500G,154
CHOORNAM,PURANADHATHRIPHALA CHOORNAM 50G,18
CHOORNAM,PUSHYANUGA CHOORNAM 500G,644
CHOORNAM,PUSHYANUGA CHOORNAM 50G,70
CHOORNAM,RAJANNYADI CHOORNAM 500G,385
CHOORNAM,RAJANNYADI CHOORNAM 50G,42
CHOORNAM,RASNADI CHOORNAM 10G,14
CHOORNAM,RASNADI CHOORNAM 500G,515
CHOORNAM,RASNADI CHOORNAM 50G,56
CHOORNAM,SARASWATHA CHOORNAM 500G,644
CHOORNAM,SARASWATHA CHOORNAM 50G,70
CHOORNAM,SARPAGANADHI CHOORNAM 500G,858
CHOORNAM,SARPAGANADHI CHOORNAM 50G,98
CHOORNAM,SARPAGANDHYADI CHOORNAM 500G,805
CHOORNAM,SARPAGANDHYADI CHOORNAM 50G,88
CHOORNAM,SATHAVARI CHOORNAM 500G,441
CHOORNAM,SATHAVARI CHOORNAM 50G,53
CHOORNAM,SHADDHARANA CHOORNAM 50G,98
CHOORNAM,SITHOLPALADI CHOORNAM 500G,483
CHOORNAM,SITHOLPALADI CHOORNAM 50G,53
CHOORNAM,SOMALATHA CHOORNAM 500G,532
CHOORNAM,SOMALATHA CHOORNAM 50G,56
CHOORNAM,SUDARSANA CHOORNAM 500G,319
CHOORNAM,SUDARSANA CHOORNAM 50G,35
CHOORNAM,SUNTI CHOORNAM 500G,441
CHOORNAM,SUNTI CHOORNAM 50G,46
CHOORNAM,SWETHASANKHUPUSHPA CHOORNAM 500G,322
CHOORNAM,SWETHASANKHUPUSHPA CHOORNAM 50G,35
CHOORNAM,THALEESAPATHRADI CHOORNAM 10G,14
CHOORNAM,THALEESAPATHRADI CHOORNAM 500G,420
CHOORNAM,THALEESAPATHRADI CHOORNAM 50G,46
CHOORNAM,THRIKATU CHOORNAM 500G,623
CHOORNAM,THRIKATU CHOORNAM 50G,74
CHOORNAM,THRIVRUTH CHOORNAM 500G,217
CHOORNAM,THRIVRUTH CHOORNAM 50G,25
CHOORNAM,UNMADANASINI CHOORNAM 500G,392
CHOORNAM,UNMADANASINI CHOORNAM 50G,42
CHOORNAM,USEERA CHOORNAM 500G,312
CHOORNAM,USEERA CHOORNAM 50G,32
CHOORNAM,VACHA CHOORNAM 500G,263
CHOORNAM,VACHA CHOORNAM 50G,28
CHOORNAM,VAISWANARA CHOORNAM 500G,385
CHOORNAM,VAISWANARA CHOORNAM 50G,39
CHOORNAM,VARA CHOORNAM 500G,385
CHOORNAM,VARA CHOORNAM 50G,42
CHOORNAM,VIDANGA CHOORNAM 500G,543
CHOORNAM,VIDANGA CHOORNAM 50G,56
CHOORNAM,YASHTI CHOORNAM 500G,277
CHOORNAM,YASHTI CHOORNAM 50G,28
CHOORNAM,YAVANYADI CHOORNAM 500G,350
CHOORNAM,YAVANYADI CHOORNAM 50G,39
CHOORNAM,YOGARAJA CHOORNAM 500G,487
CHOORNAM,YOGARAJA CHOORNAM 50G,49
GHRUTHAM,BRAHMI GHRITHAM 200ML,189
GHRUTHAM,BRAHMI GHRITHAM 450ML,420
GHRUTHAM,BRAHMIKALYANAKA GHRITHAM 200ML,151
GHRUTHAM,BRAHMIKALYANAKA GHRITHAM 450ML,336
GHRUTHAM,DADIMADI GHRITHAM 200ML,189
GHRUTHAM,DADIMADI GHRITHAM 450ML,420
GHRUTHAM,DHANWANTHARA GHRITHAM 200ML,207
GHRUTHAM,DHANWANTHARA GHRITHAM 450ML,462
GHRUTHAM,DHATHRYADI GHRITHAM 200ML,196
GHRUTHAM,DHATHRYADI GHRITHAM 450ML,441
GHRUTHAM,DURVA GHRITHAM 200ML,186
GHRUTHAM,DURVA GHRITHAM 450ML,420
GHRUTHAM,GULGULUTHIKTAKAM GHRITHAM 200ML,235
GHRUTHAM,GULGULUTHIKTAKAM GHRITHAM 450ML,525
GHRUTHAM,INDUKANTHA GHRITHAM 200ML,207
GHRUTHAM,INDUKANTHA GHRITHAM 450ML,462
GHRUTHAM,JATHYADI GHRITHAM 200ML,186
GHRUTHAM,JATHYADI GHRITHAM 450ML,420
GHRUTHAM,JEEVANTHYADI GHRITHAM 200ML,767
GHRUTHAM,JEEVANTHYADI GHRITHAM 450ML,1722
GHRUTHAM,KALLYANAKA GHRITHAM 200ML,196
GHRUTHAM,KALLYANAKA GHRITHAM 450ML,441
GHRUTHAM,KARASKARA GHRITHAM 200ML,245
GHRUTHAM,KARASKARA GHRITHAM 450ML,546
GHRUTHAM,KOOSMANDASWARASA GHRITHAM 200ML,168
GHRUTHAM,KOOSMANDASWARASA GHRITHAM 450ML,375
GHRUTHAM,MAHAKALYANAKA GHRITHAM 200ML,214
GHRUTHAM,MAHAKALYANAKA GHRITHAM 450ML,483
GHRUTHAM,MAHALPANCHAGAVYA GHRITHAM 200ML,196
GHRUTHAM,MAHALPANCHAGAVYA GHRITHAM 450ML,431
GHRUTHAM,MAHAPAISACHIKA GHRITHAM 200ML,161
GHRUTHAM,MAHAPAISACHIKA GHRITHAM 450ML,357
GHRUTHAM,MAHATHIKTHAKA GHRITHAM 200ML,214
GHRUTHAM,MAHATHIKTHAKA GHRITHAM 450ML,483
GHRUTHAM,NEELEE GHRITHAM 200ML,340
GHRUTHAM,NEELEE GHRITHAM 450ML,763
GHRUTHAM,NEELEEDALADI GHRITHAM 200ML,172
GHRUTHAM,NEELEEDALADI GHRITHAM 450ML,385
GHRUTHAM,PADADARVADI GHRITHAM 200ML,294
GHRUTHAM,PANCHAGAVYA GHRITHAM 200ML,158
GHRUTHAM,PANCHAGAVYA GHRITHAM 450ML,357
GHRUTHAM,PATOLADI GHRITHAM 200ML,196
GHRUTHAM,PATOLADI GHRITHAM 450ML,441
GHRUTHAM,PHALASARPIS 200ML,196
GHRUTHAM,PHALASARPIS 450ML,441
GHRUTHAM,PURANA GHRITHAM 200ML,126
GHRUTHAM,PURANA GHRITHAM 450ML,280
GHRUTHAM,RASNADASAMOOLA GHRITHAM 200ML,175
GHRUTHAM,RASNADASAMOOLA GHRITHAM 450ML,392
GHRUTHAM,SARASWATHAGHRITHAM 200ML,158
GHRUTHAM,SARASWATHAGHRITHAM 450ML,357
GHRUTHAM,SHADPHALA GHRITHAM 200ML,154
GHRUTHAM,SHADPHALA GHRITHAM 450ML,347
GHRUTHAM,SUGHAPRASAVADA GHRITHAM 200ML,256
GHRUTHAM,SUKUMARA GHRITHAM 200ML,238
GHRUTHAM,SUKUMARA GHRITHAM 450ML,536
GHRUTHAM,THIKTHAKA GHRITHAM 200ML,200
GHRUTHAM,THIKTHAKA GHRITHAM 450ML,452
GHRUTHAM,THRYPHALA GHRITHAM 200ML,154
GHRUTHAM,THRYPHALA GHRITHAM 450ML,347
GHRUTHAM,VAJRAKA GHRITHAM 200ML,168
GHRUTHAM,VAJRAKA GHRITHAM 450ML,375
GHRUTHAM,VIDARYADI GHRITHAM 200ML,168
GHRUTHAM,VIDARYADI GHRITHAM 450ML,378
GHRUTHAM,VIDARYADI GHRUTHAM (MUTTON EXTRACT) 200ML,224
GHRUTHAM,VIDARYADI GHRUTHAM (MUTTON EXTRACT) 450ML,497
GULIKA,ASHTAKSHARI GULIKA 100NOS,252
GULIKA,AYUSH GUTTI 60NOS,72
GULIKA,AYUSH-64 TABLET 100NOS,262
GULIKA,AYUSH-64 TABLET 40NOS,105
GULIKA,BALARASAYANAM TABLET 60NOS,81
GULIKA,CARDOCARE TABLET 100NOS,167
GULIKA,CHANDANADIVARTHI GULIKA 100NOS,588
GULIKA,CHANDRAPRABHA GULIKA 100NOS,196
GULIKA,CHARNGERYADI GULIKA 100NOS,322
GULIKA,CHITRAKADI GULIKA 100NOS,235
GULIKA,CHUKKUMTHIPPALLYADI GULIKA 100NOS,175
GULIKA,DASANGAM GULIKA 100NOS,525
GULIKA,DHANWANTHARAM GULIKA 100NOS,189
GULIKA,DOOSHIVISHARI GULIKA 100NOS,266
GULIKA,GOKSHURADI GUGGULU 100NOS,378
GULIKA,GOPICHANDANADI GULIKA 100NOS,186
GULIKA,GOROCHANADI GULIKA 100NOS,2386
GULIKA,JATHEEMUKULADIVARTHI GULIKA 100NOS,252
GULIKA,KACHOORADIVATTU GULIKA 100NOS,256
GULIKA,KAISORAGULGULU GULIKA 100NOS,273
GULIKA,KANCHANARA GUGGULU 100NOS,224
GULIKA,KARUTHAVATTU GULIKA 100NOS,312
GULIKA,KHADIRA GULIKA 100NOS,546
GULIKA,KRIMIGHNAVTI GULIKA 100NOS,172
GULIKA,LAGHUSUTHASEKHARA RASAM TABLET 100NOS,91
GULIKA,LAKSHA GUGGULU GULIKA 100NOS,210
GULIKA,LAVANGADI GULIKA 100NOS,196
GULIKA,LIPOCARE TABLET 100NOS,263
GULIKA,MANASAMITHRAVATAKAM GULIKA 100NOS,3199
GULIKA,MANASAMITHRAVATAKAM GULIKA 10NOS,322
GULIKA,MANDOORAVATAKAM GULIKA 100NOS,266
GULIKA,MARMAVATTU GULIKA 100NOS,294
GULIKA,MUKKAMUKKADUKADI GULIKA 100NOS,147
GULIKA,NAVAYASAM GULIKA 100NOS,315
GULIKA,PONKARADI GULIKA 100NOS,508
GULIKA,PRABHAKARAVATI TABLET 100NOS,109
GULIKA,PRAMEHOUSHADHI TABLET 100NOS,210
GULIKA,PUNARNAVA GUGGULU 100NOS,238
GULIKA,PUNARNAVA MANDOORAM 100NOS,140
GULIKA,PUSHYANUGAM GULIKA 100NOS,462
GULIKA,RAJAPRAVARTHINIVATI 100NOS,151
GULIKA,SAMSAMANI VATI 100NOS,130
GULIKA,SANJEEVANI VATI 100NOS,74
GULIKA,SAPTHAVIMSHATHIKA GUGGULU 100NOS,336
GULIKA,SARVAROGAKULANTHAKAM GULIKA 100NOS,953
GULIKA,SHADDHARANAM TABLET 100NOS,233
GULIKA,SIVAGULIKA 10NOS,151
GULIKA,SUDARSANAM TABLET 100NOS,132
GULIKA,SURYAPRABHA GULIKA 100NOS,123
GULIKA,SWASANANDAM GULIKA 100NOS,204
GULIKA,THRIPHALA GUGGULU 100NOS,298
GULIKA,THRIPHALADI GULIKA 100NOS,126
GULIKA,URAMARUNNU GULIKA 100NOS,140
GULIKA,VAYU GULIKA 100NOS,315
GULIKA,VETTUMARAN GULIKA 100NOS,203
GULIKA,VIDANGADI GULIKA 100NOS,259
GULIKA,VIGOR PLUS CAPSULE 60NOS,289
GULIKA,VILWADI GULIKA 100NOS,252
GULIKA,VIMALAVARTHI GULIKA 100NOS,777
GULIKA,YOGARAJAGULGULU GULIKA 100NOS,210
KASHAYAM,AMRUTHOTHARAM KASHAYAM 200ML,77
KASHAYAM,ASHTAVARGAM (BALASAHACHRADI) 200ML,88
KASHAYAM,BALAGULUCHYADI KASHAYAM 200ML,70
KASHAYAM,BALAJEERAKADI KASHAYAM 200ML,74
KASHAYAM,BALAMOOLADI KASHAYAM 200ML,57
KASHAYAM,BHADRADARVADI KASHAYAM 200ML,84
KASHAYAM,BHRUHATHYADI KASHAYAM 200ML,77
KASHAYAM,CHIRUVILWADI KASHAYAM 200ML,112
KASHAYAM,DASAMOOLAKADUTRYAMKASHAYA 200ML,98
KASHAYAM,DHANADANAYANADI KASHAYAM 200ML,112
KASHAYAM,DHANWANTHARAM KASHAYAM 200ML,109
KASHAYAM,DRAKSHADI KASHAYAM 200ML,112
KASHAYAM,DUSPARSAKADI KASHAYAM 200ML,109
KASHAYAM,ELAKANADI KASHAYAM 200ML,116
KASHAYAM,GHANDRAVAHASTADI KASHAYAM 200ML,77
KASHAYAM,GULGULUTHIKTHAKOMKASHAYAM 200ML,140
KASHAYAM,GULUCHYADI KASHAYAM 200ML,130
KASHAYAM,INDHUKANTHAM KASHAYAM 200ML,88
KASHAYAM,KATHAKAKADHIRADHIKASHAYAM 200ML,74
KASHAYAM,KOKILAKSHAM KASHAYAM 200ML,74
KASHAYAM,MAHAMANJISHTADI KASHAYAM 200ML,116
KASHAYAM,MAHARASNADI KASHAYAM 200ML,123
KASHAYAM,MAHATHIKTHAKAM KASHAYAM 200ML,147
KASHAYAM,MANJISHTADI KASHAYAM 200ML,105
KASHAYAM,MUSALIKHADIRADI KASHAYAM 200ML,70
KASHAYAM,MUSTAKARANJADI KASHAYAM 200ML,98
KASHAYAM,NAYOPAYAM KASHAYAM 200ML,119
KASHAYAM,NIMBADI KASHAYAM 200ML,84
KASHAYAM,NIRGUNYADI KASHAYAM 200ML,70
KASHAYAM,NISAKATAKADI KASHAYAM 200ML,81
KASHAYAM,PADOLADHIGANAM KASHAYAM 200ML,154
KASHAYAM,PANCHATIKTHAKAM KASHAYAM 200ML,95
KASHAYAM,PATHYADI KASHAYAM 200ML,84
KASHAYAM,PATHYAKSHADHATHRYADI KASHAYAM 200ML,88
KASHAYAM,PRASARANYADI KASHAYAM 200ML,84
KASHAYAM,PUNARNNAVADI KASHAYAM 200ML,84
KASHAYAM,RASNASAPTAKAM KASHAYAM 200ML,88
KASHAYAM,RASNERANDADI KASHAYAM 200ML,130
KASHAYAM,RASONADI KASHAYAM 200ML,137
KASHAYAM,SAHACHARADI KASHAYAM 200ML,84
KASHAYAM,SAPTHASARAM KASHAYAM 200ML,95
KASHAYAM,SUKUMARAM KASHAYAM 200ML,95
KASHAYAM,THRAYANTHYADI KASHAYAM 200ML,126
KASHAYAM,VAJRAKAM KASHAYAM 200ML,77
KASHAYAM,VARANADI KASHAYAM 200ML,77
KASHAYAM,VASAGULUCHYADI KASHAYAM 200ML,74
KASHAYAM,VIDARYADI KASHAYAM 200ML,91
KASHAYAM,VYOSHADI KASHAYAM 200ML,77
KC,AMRUTHOTHARAM  KC 3KG,663
KC,AMRUTHOTHARAM KC 1KG,221
KC,AMRUTHOTHARAM KC 250G,56
KC,AMRUTHOTHARAM KC 500G,112
KC,ARAGWADHADI KC 100G,126
KC,ARAGWADHADI KC 1KG,1208
KC,ARAGWADHADI KC 250G,308
KC,ARAGWADHADI KC 500G,609
KC,ASHTAVARGAM KC 500G,109
KC,BHADRADARVADI  KC 2KG,462
KC,BHADRADARVADI KC 1 KG,231
KC,BHADRADARVADI KC 250G,60
KC,BHADRADARVADI KC 500G,116
KC,BRAHATHYADI  KC 2KG,812
KC,BRIHAT/MAHAMANJISHTATHI KC 1KG,406
KC,BRIHAT/MAHAMANJISHTATHI KC 250G,119
KC,BRIHAT/MAHAMANJISHTATHI KC 500G,214
KC,BRUHATHYADI KC 1KG,186
KC,BRUHATHYADI KC 250G,49
KC,BRUHATHYADI KC 500G,95
KC,CHIRUVILWADI  KC 3KG,1029
KC,CHIRUVILWADI KC 1KG,343
KC,CHIRUVILWADI KC 250G,88
KC,CHIRUVILWADI KC 500G,175
KC,DASAMOOLAKADUTHRAYAM  KC 2.5KG,640
KC,DASAMOOLAKADUTHRAYAM KC 1KG,256
KC,DASAMOOLAKADUTHRAYAM KC 250G,67
KC,DASAMOOLAKADUTHRAYAM KC 500G,130
KC,DASAMOOLAM  KC 2KG,322
KC,DASAMOOLAM KC 1KG,161
KC,DHANWANTHARAM  KC 2KG,448
KC,DHANWANTHARAM KC 1KG,224
KC,DHANWANTHARAM KC 250G,60
KC,DHANWANTHARAM KC 500G,116
KC,DRAKSHADI  KC 2.5KG,1890
KC,DRAKSHADI KC 1KG,756
KC,DRAKSHADI KC 250G,189
KC,DRAKSHADI KC 500G,378
KC,ELAKANADI  KC 2.5KG,1172.5
KC,ELAKANADI KC 1KG,469
KC,ELAKANADI KC 250G,119
KC,ELAKANADI KC 500G,238
KC,GANDHARVAHASTHADI  KC 2.5KG,577.5
KC,GANDHARVAHASTHADI KC 1KG,231
KC,GANDHARVAHASTHADI KC 250G,60
KC,GANDHARVAHASTHADI KC 500G,116
KC,GOJIHWADI KC 100G,32
KC,GOJIHWADI KC 1KG,294
KC,GOJIHWADI KC 500G,151
KC,GULGULUTHIKTHAKAM KC 500G,168
KC,GULUCHYADI  KC 2.5KG,517.5
KC,GULUCHYADI KC 1KG,207
KC,GULUCHYADI KC 250G,53
KC,GULUCHYADI KC 500G,105
KC,INDUKANTHAM KC 100G,21
KC,INDUKANTHAM KC 500G,109
KC,INDUKANTHAM KC 50G,14
KC,KAIDARYADI KC 1KG,273
KC,KAIDARYADI KC 250G,70
KC,KAIDARYADI KC 500G,140
KC,MAHARASNADI  KC 2.5KG,780
KC,MAHARASNADI KC 1KG,312
KC,MAHARASNADI KC 250G,81
KC,MAHARASNADI KC 500G,158
KC,MANJISHTADI KC 1KG,249
KC,MANJISHTADI KC 250G,63
KC,MANJISHTADI KC 500G,126
KC,MANJISHTYADI  KC 3KG,747
KC,MRIDWEEKADI KC 1KG,312
KC,MRIDWEEKADI KC 250G,81
KC,MRIDWEEKADI KC 500G,158
KC,MUSALIKHADIRADI KC 1KG,189
KC,MUSALIKHADIRADI KC 250G,49
KC,MUSALIKHADIRADI KC 500G,95
KC,MUSTHAKARANCHADI KC 250G,70
KC,MUSTHAKARANCHADI KC 500G,140
KC,MUSTHAKARANJADI KC 1KG,273
KC,NAYOPAYAM KC 1KG,319
KC,NAYOPAYAM KC 250G,81
KC,NAYOPAYAM KC 500G,161
KC,NEELIKARANJADI KC 1KG,693
KC,NEELIKARANJADI KC 250G,175
KC,NEELIKARANJADI KC 500G,350
KC,NEELIMOOLADI KC 1KG,585
KC,NEELIMOOLADI KC 250G,147
KC,NEELIMOOLADI KC 500G,294
KC,NEELITHULASYADI KC 1KG,410
KC,NEELITHULASYADI KC 250G,105
KC,NEELITHULASYADI KC 500G,207
KC,NIRGUNYADI KC 1KG,319
KC,NIRGUNYADI KC 250G,81
KC,NIRGUNYADI KC 500G,161
KC,NISAKATHAKADI  KC 2.5KG,577.5
KC,NISAKATHAKADI KC 1KG,231
KC,NISAKATHAKADI KC 250G,60
KC,NISAKATHAKADI KC 500G,116
KC,PADOLADIGANAM  KC 2KG,2282
KC,PADOLADIGANAM KC 1KG,1141
KC,PADOLADIGANAM KC 250G,287
KC,PADOLADIGANAM KC 500G,574
KC,PADOLAMOOLADI KSC 500G,147
KC,PANCHATHIKTHAKAM  KC 2KG,462
KC,PANCHATHIKTHAKAM KC 1KG,231
KC,PANCHATHIKTHAKAM KC 250G,60
KC,PANCHATHIKTHAKAM KC 500G,116
KC,PASHANABHEDADI KC 100G,32
KC,PASHANABHEDADI KC 1KG,287
KC,PASHANABHEDADI KC 500G,147
KC,PATHYADI  KC 3KG,642
KC,PATHYADI KC 1KG,214
KC,PATHYADI KC 250G,56
KC,PATHYADI KC 500G,109
KC,PATHYAKSHADHATHRYADI KC 1KG,161
KC,PATHYAKSHADHATHRYADI KC 500G,81
KC,PHALATHRIKADI KC 100G,39
KC,PHALATHRIKADI KC 1KG,361
KC,PHALATHRIKADI KC 500G,182
KC,PRASARANYADI KC 500G,140
KC,PUNARNAVADI  KC 2.5KG,535
KC,PUNARNAVADI KC 1KG,242
KC,PUNARNAVADI KC 250G,63
KC,PUNARNAVADI KC 500G,123
KC,RASNASAPTHAKAM  KC 2.5KG,472.5
KC,RASNASAPTHAKAM KC 1KG,189
KC,RASNASAPTHAKAM KC 500G,98
KC,RASNERANDADI  KC 2.5KG,717.5
KC,RASNERANDADI KC 1KG,287
KC,RASNERANDADI KC 250G,74
KC,RASNERANDADI KC 500G,147
KC,SAHACHARADI KC 1KG,259
KC,SAHACHARADI KC 500G,133
KC,SAHACHARADI KC 50G,67
KC,SAPTASARAM  KC 2.5KG,517.5
KC,SAPTASARAM KC 1KG,207
KC,SAPTASARAM KC 250G,53
KC,SAPTASARAM KC 500G,105
KC,SHADANGAM KC 500G,287
KC,SHADANGAM KC 50G,28
KC,VARANADI KC 1KG,207
KC,VARANADI KC 250G,53
KC,VARANADI KC 500G,105
KC,VASAGULUCHYADI KC 1KG,522
KC,VASAGULUCHYADI KC 500G,263
KC,VASAGULUCHYADI KC 50G,28
KC,VIDHARYADI KC 500G,126
KC,VYAGHRYADI KC 1KG,410
KC,VYAGHRYADI KC 250G,123
KC,VYAGHRYADI KC 500G,221
KC,VYOSHADI  KC 3KG,798
KC,VYOSHADI KC 1KG,266
KC,VYOSHADI KC 250G,67
KC,VYOSHADI KC 500G,137
KSC,AMRUTHADI KSC 500G,133
KSC,AMRUTHADI KSC 50G,14
KSC,AMRUTHOTHARM KSC 500G,133
KSC,AMRUTHOTHARM KSC 50G,14
KSC,BALADHI KSC 200G,77
KSC,DASAMOOLAKADUTHRAYAM KSC 500G,200
KSC,DASAMOOLAKADUTHRAYAM KSC 50G,21
KSC,GANDHARVAHASTHADI KSC 500G,154
KSC,GANDHARVAHASTHADI KSC 50G,18
KSC,GULUCHYADI KSC 500G,133
KSC,GULUCHYADI KSC 50G,14
KSC,INDUKANTHAM KSC 500G,287
KSC,INDUKANTHAM KSC 50G,28
KSC,MAHARASNADI KSC 500G,161
KSC,MAHARASNADI KSC 50G,21
KSC,PADOLAMOOLADHI KSC 500G,124
KSC,PATHYADI KSC 500G,182
KSC,PATHYADI KSC 50G,21
KSC,PUNARNAVADI KSC 500G,161
KSC,PUNARNAVADI KSC 50G,18
KSC,RASNERANDADHI KSC 50G,18
KSC,RASNERANDADI KSC 500G,154
LEHYAM,AGASTHYARASAYANAM 200G,63
LEHYAM,AGASTHYARASAYANAM 500G,154
LEHYAM,AJAMAMSARASAYANAM 400G,203
LEHYAM,AMRITHAPRASAM 200G,102
LEHYAM,AMRITHAPRASAM 500G,252
LEHYAM,ASWAGHANDHADI LEHYAM 400G,158
LEHYAM,BHRAMARASAYANAM 200G,63
LEHYAM,BHRAMARASAYANAM 500G,161
LEHYAM,CHAVANAPRASAM C.F.(SPL) 250G,121
LEHYAM,CHAVANAPRASAM C.F.(SPL) 500G,259
LEHYAM,CHINCAHADI LEHYAM 200G,109
LEHYAM,CHINCAHADI LEHYAM 500G,266
LEHYAM,CHYAVANAPRASAM 200G,70
LEHYAM,CHYAVANAPRASAM 500G,168
LEHYAM,DASAMOOLAHARITHAKI 200G,60
LEHYAM,DASAMOOLAHARITHAKI 500G,151
LEHYAM,DASAMOOLARASAYANAM 100G,123
LEHYAM,DASAMOOLARASAYANAM 25G,32
LEHYAM,DRAKSHADI LEHYAM 200G,112
LEHYAM,DRAKSHADI LEHYAM 500G,280
LEHYAM,ELADIRASAYANAM 50G,81
LEHYAM,GOMOOTHRAHAREETHAKI 200G,63
LEHYAM,GOMOOTHRAHAREETHAKI 500G,154
LEHYAM,HARIDRAGHANDAM 50G,28
LEHYAM,HRIDYAVIRECHANANM 200G,67
LEHYAM,HRIDYAVIRECHANANM 500G,168
LEHYAM,KADALEERASAYANAM 200G,210
LEHYAM,KADALEERASAYANAM 500G,522
LEHYAM,KALLYANANGULAM 200G,60
LEHYAM,KALLYANANGULAM 500G,151
LEHYAM,KOOSMANDARASAYANAM 200G,84
LEHYAM,KOOSMANDARASAYANAM 500G,203
LEHYAM,KUTAJA LEHYAM 200G,77
LEHYAM,KUTAJA LEHYAM 500G,186
LEHYAM,MANIBHADRA LEHYAM 200G,63
LEHYAM,MANIBHADRA LEHYAM 500G,158
LEHYAM,NARASIMHARASAYANAM 200G,84
LEHYAM,PANJAJEERAKAGUDAM 250G,98
LEHYAM,PULIMKUZHAMBU 100G,112
LEHYAM,SATHAVARIGULAM 200G,84
LEHYAM,SATHAVARIGULAM 500G,196
LEHYAM,SOORANAVA LEHYAM 200G,77
LEHYAM,SOUBHAGYASUNDI MODAKAM 100G,56
LEHYAM,SOUBHAGYASUNDI MODAKAM 200G,112
LEHYAM,SOUBHAGYASUNDI MODAKAM 500G,277
LEHYAM,SUKUMARARASAYANAM 200G,119
LEHYAM,SUKUMARARASAYANAM 500G,294
LEHYAM,THALEESAVADAKAM 200G,105
LEHYAM,THALEESAVADAKAM 500G,263
LEHYAM,THALISAVADAKAM GRANULES 100G,53
LEHYAM,THARAMANDOORAM 200G,133
LEHYAM,THENGINPOOKULAMRUTHAM 400G,171
LEHYAM,VALIYAMADHUSNUHIRASAYANAM 200G,88
LEHYAM,VALIYAMADHUSNUHIRASAYANAM 500G,221
LEHYAM,VIDARYADI LEHYAM 200G,81
LEHYAM,VIDARYADI LEHYAM 500G,200
LEHYAM,VILWADI LEHYAM 200G,84
LEHYAM,VILWADI LEHYAM 500G,193
LEHYAM,VYOSHADI VADAKAM 50G,28
OINTMENT,BURNCURE OINTMENT 25G,48
OINTMENT,K K LEPAM 25G,53
OINTMENT,MURIVENNA OINTMENT 10G,29
OINTMENT,OUSHADHI BLISS BALM 10G,32
OINTMENT,PSORSET OINTMENT 50G,63
OINTMENT,RHEUMAJITH 10G,33
RASAKRIYA,ELANEERKUZHAMBU 10G,49
RASAKRIYA,ELANEERKUZHAMBU 50G,245
SYRUP,ASHTACHOORNAM SYRUP 100ML,49
SYRUP,INDUKANTHAM SYRUP 100ML,29
SYRUP,OUSHADHI COUGH SYRUP 100ML,46
SYRUP,RAJANYADI CHOORNAM SYRUP 100ML,29
THAILAM,AMRUTHATHI THYLAM (BIG) 100ML,84
THAILAM,AMRUTHATHI THYLAM (BIG) 200ML,168
THAILAM,AMRUTHATHI THYLAM (BIG) 450ML,371
THAILAM,AMRUTHATHI THYLAM (SMALL) 100ML,56
THAILAM,AMRUTHATHI THYLAM (SMALL) 200ML,109
THAILAM,AMRUTHATHI THYLAM (SMALL) 450ML,238
THAILAM,ANU THAILAM 10ML,60
THAILAM,ANU THAILAM 50ML,287
THAILAM,ARIMEDADI THYLAM 100ML,53
THAILAM,ARIMEDADI THYLAM 200ML,105
THAILAM,ARIMEDADI THYLAM 450ML,238
THAILAM,ARUKALADI THYLAM 100ML,46
THAILAM,ARUKALADI THYLAM 200ML,91
THAILAM,ARUKALADI THYLAM 450ML,207
THAILAM,ASANAELADI CO-OIL 100ML,77
THAILAM,ASANAELADI CO-OIL 200ML,147
THAILAM,ASANAELADI CO-OIL 450ML,326
THAILAM,ASANAELADI CO-OIL 50ML,42
THAILAM,ASANAELADI THYLAM 100ML,67
THAILAM,ASANAELADI THYLAM 200ML,130
THAILAM,ASANAELADI THYLAM 450ML,291
THAILAM,ASANAMANJISHTADITHYLAM 100ML,56
THAILAM,ASANAMANJISHTADITHYLAM 200ML,109
THAILAM,ASANAMANJISHTADITHYLAM 450ML,245
THAILAM,ASANAVILWADHI CO.OIL 450ML,273
THAILAM,ASANAVILWADI CO.OIL 100ML,63
THAILAM,ASANAVILWADI CO.OIL 200ML,123
THAILAM,ASANAVILWADI THYLAM 100ML,49
THAILAM,ASANAVILWADI THYLAM 200ML,95
THAILAM,ASANAVILWADI THYLAM 450ML,214
THAILAM,BALA THYLAM 10ML,63
THAILAM,BALADHATHRYADI THYLAM 100ML,84
THAILAM,BALADHATHRYADI THYLAM 200ML,165
THAILAM,BALADHATHRYADI THYLAM 450ML,371
THAILAM,BALAGULUCHYADI CO.OIL 100ML,63
THAILAM,BALAGULUCHYADI CO.OIL 200ML,123
THAILAM,BALAGULUCHYADI CO.OIL 450ML,273
THAILAM,BALAGULUCHYADI THYLAM 100ML,49
THAILAM,BALAGULUCHYADI THYLAM 200ML,98
THAILAM,BALAGULUCHYADI THYLAM 450ML,221
THAILAM,BALAHATADHI THYLAM 100ML,49
THAILAM,BALAHATADHI THYLAM 200ML,98
THAILAM,BALAHATADI THYLAM 450ML,221
THAILAM,BALASWANGADHADI THYLAM 100ML,67
THAILAM,BALASWANGADHADI THYLAM 200ML,133
THAILAM,BALASWANGADHADI THYLAM 450ML,301
THAILAM,BHRINGAMALAKADI THYLAM 100ML,56
THAILAM,BHRINGAMALAKADI THYLAM 200ML,109
THAILAM,BHRINGAMALAKADI THYLAM 450ML,245
THAILAM,CHANDANADI THYLAM 100ML,91
THAILAM,CHANDANADI THYLAM 200ML,182
THAILAM,CHANDANADI THYLAM 450ML,406
THAILAM,CHEMPARATHYADI CO-OIL 100ML,63
THAILAM,CHEMPARATHYADI CO-OIL 200ML,126
THAILAM,CHEMPARATHYADI CO-OIL 450ML,277
THAILAM,CHINJADI THYLAM 100ML,53
THAILAM,CHINJADI THYLAM 200ML,105
THAILAM,CHINJADI THYLAM 450ML,221
THAILAM,DHANWANTHARAM 101 TIMES 10G,95
THAILAM,DHANWANTHARAM 14 TIMES 10G,39
THAILAM,DHANWANTHARAM 21 TIMES 10G,46
THAILAM,DHANWANTHARAM 41 TIMES 10G,63
THAILAM,DHANWANTHARAM 7 TIMES 10G,28
THAILAM,DHANWANTHARAM KUZHAMBU 100ML,67
THAILAM,DHANWANTHARAM KUZHAMBU 200ML,130
THAILAM,DHANWANTHARAM KUZHAMBU 450ML,291
THAILAM,DHANWANTHARAM THYLAM (MEZHUKUPAKAM) 200ML,140
THAILAM,DHANWANTHARAM THYLAM (MEZHUKUPAKAM) 450ML,315
THAILAM,DHANWANTHARAM THYLAM 100ML,67
THAILAM,DHANWANTHARAM THYLAM 200ML,133
THAILAM,DHANWANTHARAM THYLAM 450ML,301
THAILAM,DINESELADI CO-OIL 100ML,70
THAILAM,DINESELADI CO-OIL 200ML,140
THAILAM,DINESELADI CO-OIL 450ML,308
THAILAM,DURDHURAPATHRADI CO.OIL 100ML,77
THAILAM,DURDHURAPATHRADI CO.OIL 200ML,151
THAILAM,DURDHURAPATHRADI CO.OIL 450ML,336
THAILAM,ELADI CO-OIL 100ML,74
THAILAM,ELADI CO-OIL 200ML,144
THAILAM,ELADI CO-OIL 450ML,315
THAILAM,ELADI THYLAM 100ML,67
THAILAM,ELADI THYLAM 200ML,133
THAILAM,ELADI THYLAM 450ML,301
THAILAM,ERANDA THYLAM 450ML,217
THAILAM,GANDHA TAILAM 10ML,67
THAILAM,GANDHARVAHASTHADI THAILAM 450ML,270
THAILAM,GHANDARVAHASTHADI THAILAM 50ML,32
THAILAM,GOPADMAJADI CO-OIL 100ML,82
THAILAM,GOPADMAJADI CO-OIL 200ML,163
THAILAM,GOPADMAJADI CO-OIL 450ML,361
THAILAM,GULGULUMARIJADI THYLAM 500ML,288
THAILAM,GULGULUMARIJADI THYLAM 50ML,31
THAILAM,HINGUTHRIGUNAM 500G,455
THAILAM,HINGUTHRIGUNAM 50G,46
THAILAM,JATHYADI CO-OIL 100ML,67
THAILAM,JATHYADI CO-OIL 200ML,126
THAILAM,JATHYADI CO-OIL 450ML,277
THAILAM,JEEVANTHYADIYAMAKAM 50G,49
THAILAM,KANJUNNYADI CO-OIL 100ML,70
THAILAM,KANJUNNYADI CO-OIL 200ML,140
THAILAM,KANJUNNYADI CO-OIL 450ML,308
THAILAM,KANJUNNYADI THYLAM 100ML,53
THAILAM,KANJUNNYADI THYLAM 200ML,102
THAILAM,KANJUNNYADI THYLAM 450ML,228
THAILAM,KARAPPAN THYLAM 100ML,71
THAILAM,KARAPPAN THYLAM 200ML,142
THAILAM,KARAPPAN THYLAM 450ML,312
THAILAM,KARNAPOORANA THYLAM 450ML,312
THAILAM,KARNAPOORANA THYLAM 50ML,35
THAILAM,KARPASASTHYADI KUZHAMBU 100ML,49
THAILAM,KARPASASTHYADI KUZHAMBU 200ML,95
THAILAM,KARPASASTHYADI KUZHAMBU 450ML,214
THAILAM,KARPOORADI THYLAM 100ML,69
THAILAM,KARPOORADI THYLAM 200ML,134
THAILAM,KARPOORADI THYLAM 450ML,295
THAILAM,KARPPASASTHYADI THYLAM 100ML,53
THAILAM,KARPPASASTHYADI THYLAM 200ML,102
THAILAM,KARPPASASTHYADI THYLAM 450ML,228
THAILAM,KASEESADI THYLAM 100ML,49
THAILAM,KASEESADI THYLAM 450ML,210
THAILAM,KOTTAMCHUKKADI KUZHAMBU 100ML,49
THAILAM,KOTTAMCHUKKADI KUZHAMBU 200ML,98
THAILAM,KOTTAMCHUKKADI KUZHAMBU 450ML,210
THAILAM,KOTTAMCHUKKADI THYLAM 100ML,49
THAILAM,KOTTAMCHUKKADI THYLAM 200ML,98
THAILAM,KOTTAMCHUKKADI THYLAM 450ML,214
THAILAM,KSHEERABALA 101 TIMES 10G,81
THAILAM,KSHEERABALA 14 TIMES 10G,42
THAILAM,KSHEERABALA 21 TIMES 10G,49
THAILAM,KSHEERABALA 41 TIMES 10G,53
THAILAM,KSHEERABALA 7 TIMES 10G,32
THAILAM,KSHEERABALA THYLAM 100ML,60
THAILAM,KSHEERABALA THYLAM 200ML,116
THAILAM,KSHEERABALA THYLAM 450ML,259
THAILAM,KURUNTHOTTI ENNA 100ML,60
THAILAM,KURUNTHOTTI ENNA 200ML,116
THAILAM,KURUNTHOTTI ENNA 450ML,256
THAILAM,LAGHUVISHAGARBHA THAILAM 100ML,46
THAILAM,LAGHUVISHAGARBHA THAILAM 450ML,203
THAILAM,LAKSHADHI CO-OIL 100ML,70
THAILAM,LAKSHADHI CO-OIL 200ML,137
THAILAM,LAKSHADHI CO-OIL 450ML,305
THAILAM,LAKSHADHI KUZHAMBU 100ML,53
THAILAM,LAKSHADHI KUZHAMBU 200ML,105
THAILAM,LAKSHADHI KUZHAMBU 450ML,238
THAILAM,LAKSHADI THYLAM 100ML,56
THAILAM,LAKSHADI THYLAM 200ML,109
THAILAM,LAKSHADI THYLAM 450ML,245
THAILAM,LAKSHMIVILASA THAILAM 200ML,85
THAILAM,LAKSHMIVILASA THAILAM 450ML,187
THAILAM,MADHUYASHTYADI THYLAM 100ML,70
THAILAM,MADHUYASHTYADI THYLAM 200ML,154
THAILAM,MADHUYASHTYADI THYLAM 450ML,347
THAILAM,MAHACHANDANADI THYLAM 100ML,103
THAILAM,MAHACHANDANADI THYLAM 200ML,207
THAILAM,MAHACHANDANADI THYLAM 450ML,462
THAILAM,MAHAMASHA THYLAM 100ML,105
THAILAM,MAHAMASHA THYLAM 200ML,210
THAILAM,MAHAMASHA THYLAM 450ML,473
THAILAM,MAHANARAYANA THAILAM 100ML,77
THAILAM,MAHANARAYANA THAILAM 200ML,154
THAILAM,MAHANARAYANA THAILAM 450ML,329
THAILAM,MALATHYADI KERAM 100ML,70
THAILAM,MALATHYADI KERAM 200ML,140
THAILAM,MALATHYADI KERAM 450ML,326
THAILAM,MARICHADI THYLAM 100ML,60
THAILAM,MARICHADI THYLAM 200ML,112
THAILAM,MARICHADI THYLAM 450ML,245
THAILAM,MURIVENNA 100ML,77
THAILAM,MURIVENNA 200ML,133
THAILAM,MURIVENNA 450ML,280
THAILAM,NAGARADI THYLAM 100ML,88
THAILAM,NAGARADI THYLAM 200ML,175
THAILAM,NAGARADI THYLAM 450ML,396
THAILAM,NALPAMARADI KERAM 100ML,70
THAILAM,NALPAMARADI KERAM 200ML,133
THAILAM,NALPAMARADI KERAM 450ML,277
THAILAM,NARAYANA THYLAM 100ML,82
THAILAM,NARAYANA THYLAM 200ML,165
THAILAM,NARAYANA THYLAM 450ML,371
THAILAM,NEELI THYLAM 100ML,74
THAILAM,NEELI THYLAM 200ML,148
THAILAM,NEELI THYLAM 450ML,326
THAILAM,NEELIBHRINGADI CO-OIL 100ML,98
THAILAM,NEELIBHRINGADI CO-OIL 200ML,186
THAILAM,NEELIBHRINGADI CO-OIL 450ML,385
THAILAM,NEELIBHRINGADI THYLAM 100ML,74
THAILAM,NEELIBHRINGADI THYLAM 200ML,144
THAILAM,NEELIBHRINGADI THYLAM 450ML,322
THAILAM,NEELOLPALADI THAILAM 200ML,64
THAILAM,NEELOLPALADI THAILAM 450ML,140
THAILAM,OUSHADHI ARIMEDADI DROPS 10ML,36
THAILAM,OUSHADHI BABY OIL 100ML,98
THAILAM,OUSHADHI HAIR TONE 100ML,137
THAILAM,OUSHADHI HAIR TONE 200ML,266
THAILAM,OUSHADHI SANITIZER 100ML,36
THAILAM,OUSHADHI SANITIZER 200ML,66
THAILAM,OUSHADHI SANITIZER 50ML,20
THAILAM,PANCHAMLA THYLAM 100ML,51
THAILAM,PANCHAMLA THYLAM 200ML,102
THAILAM,PANCHAMLA THYLAM 450ML,228
THAILAM,PARANTHYADI THYLAM 100ML,168
THAILAM,PARANTHYADI THYLAM 200ML,322
THAILAM,PARANTHYADI THYLAM 450ML,721
THAILAM,PARINATHAKERIKSHEERATHYLAM 100ML,60
THAILAM,PARINATHAKERIKSHEERATHYLAM 200ML,116
THAILAM,PARINATHAKERIKSHEERATHYLAM 450ML,259
THAILAM,PINDA THYLAM 100ML,53
THAILAM,PINDA THYLAM 200ML,102
THAILAM,PINDA THYLAM 450ML,228
THAILAM,PIPPALLYADYANUVASANA THYLAM 100ML,53
THAILAM,PIPPALLYADYANUVASANA THYLAM 200ML,102
THAILAM,PIPPALLYADYANUVASANA THYLAM 450ML,228
THAILAM,PRABHANJANAVIMARDHANAM 100ML,56
THAILAM,PRABHANJANAVIMARDHANAM 200ML,109
THAILAM,PRABHANJANAVIMARDHANAM 450ML,245
THAILAM,PRASARANI THYLAM (SMALL) 100ML,54
THAILAM,PRASARANI THYLAM (SMALL) 200ML,109
THAILAM,PRASARANI THYLAM (SMALL) 450ML,245
THAILAM,PRASARANY THYLAM (BIG) 100ML,95
THAILAM,PRASARANY THYLAM (BIG) 200ML,186
THAILAM,PRASARANY THYLAM (BIG) 450ML,413
THAILAM,PSORSET OIL 100ML,112
THAILAM,RASNADI THYLAM 100ML,49
THAILAM,RASNADI THYLAM 200ML,98
THAILAM,RASNADI THYLAM 450ML,221
THAILAM,RASOTHAMADI LEPAM 500G,483
THAILAM,RASOTHAMADI LEPAM 50G,49
THAILAM,SAHACHARADI KUZHAMBU 100ML,67
THAILAM,SAHACHARADI KUZHAMBU 200ML,130
THAILAM,SAHACHARADI KUZHAMBU 450ML,270
THAILAM,SAHACHARADI THYLAM (MEZHUKUPAKAM) 100ML,81
THAILAM,SAHACHARADI THYLAM (MEZHUKUPAKAM) 200ML,161
THAILAM,SAHACHARADI THYLAM (MEZHUKUPAKAM) 450ML,238
THAILAM,SAHACHARADI THYLAM 100ML,60
THAILAM,SAHACHARADI THYLAM 200ML,119
THAILAM,SAHACHARADI THYLAM 450ML,259
THAILAM,SANGHUPUSHPADI ENNA 100ML,53
THAILAM,SANGHUPUSHPADI ENNA 200ML,102
THAILAM,SANGHUPUSHPADI ENNA 450ML,224
THAILAM,SARC SPECIAL THAILAM 50ML,81
THAILAM,SATHAHWADI KUZHAMBU 100ML,35
THAILAM,SATHAHWADI KUZHAMBU 200ML,70
THAILAM,SATHAHWADI KUZHAMBU 450ML,158
THAILAM,SEETHAMSU THYLAM 100ML,39
THAILAM,SEETHAMSU THYLAM 200ML,77
THAILAM,SEETHAMSU THYLAM 450ML,168
THAILAM,SUDHABALA THYLAM 100ML,49
THAILAM,SUDHABALA THYLAM 200ML,98
THAILAM,SUDHABALA THYLAM 450ML,221
THAILAM,SUDHADURVADI CO-OIL 100ML,91
THAILAM,SUDHADURVADI CO-OIL 200ML,179
THAILAM,SUDHADURVADI CO-OIL 450ML,396
THAILAM,SURASADI THYLAM 100ML,70
THAILAM,SURASADI THYLAM 200ML,140
THAILAM,SURASADI THYLAM 450ML,308
THAILAM,THEKARAJA THYLAM 100ML,67
THAILAM,THEKARAJA THYLAM 200ML,133
THAILAM,THEKARAJA THYLAM 450ML,301
THAILAM,THENGINPUSHPADHI THAILAM 200ML,106
THAILAM,THENGINPUSHPADHI THAILAM 450ML,235
THAILAM,THRIPHALADI CO.OIL 100ML,77
THAILAM,THRIPHALADI CO.OIL 200ML,140
THAILAM,THRIPHALADI CO.OIL 450ML,308
THAILAM,TRIPHALADI THYLAM 100ML,60
THAILAM,TRIPHALADI THYLAM 200ML,119
THAILAM,TRIPHALADI THYLAM 450ML,245
THAILAM,VACHADHI THAILAM 200ML,85
THAILAM,VACHADHI THAILAM 450ML,188
THAILAM,VACHALASUNADI THYLAM 100ML,63
THAILAM,VACHALASUNADI THYLAM 200ML,126
THAILAM,VACHALASUNADI THYLAM 450ML,284
THAILAM,VAJRAKA THYLAM 100ML,49
THAILAM,VAJRAKA THYLAM 200ML,95
THAILAM,VAJRAKA THYLAM 450ML,214
THAILAM,VATHAMARDHANAM KUZHAMBU 100ML,84
THAILAM,VATHAMARDHANAM KUZHAMBU 200ML,165
THAILAM,VATHAMARDHANAM KUZHAMBU 450ML,363
THAILAM,VATHAVIDHWAMSANI THYLAM 100ML,46
THAILAM,VATHAVIDHWAMSANI THYLAM 200ML,91
THAILAM,VATHAVIDHWAMSANI THYLAM 450ML,207
THAILAM,VEPPUKADY 200ML,21
THAILAM,VEPPUKADY 450ML,42
THAILAM,VEPPUKADY 5000ML,420
THAILAM,VILWAMPACHOTTYADI THYLAM 100ML,56
THAILAM,VILWAMPACHOTTYADI THYLAM 200ML,112
THAILAM,VILWAMPACHOTTYADI THYLAM 450ML,252
